Year,Avg_Obesity
2012,11.06196931990873
2013,11.35963737698016
2014,11.670343478468254
2015,11.99423078179365
2016,12.333907158349207
2017,12.689996901126984
2018,13.060296467638889
2019,13.444603940603173
2020,13.843001619281745
2021,14.250922928178573
2022,14.662532570214287
